frame.number,frame.time,eth.src,eth.dst,ip.src,frame.len,ip.dst,ip.proto
"1","Feb  9, 1970 02:04:19.354593000 EST","52:54:00:12:34:56","ff:ff:ff:ff:ff:ff",,"42",,
"2","Feb  9, 1970 02:04:19.354615000 EST","52:55:0a:00:02:02","52:54:00:12:34:56",,"64",,
"3","Feb  9, 1970 02:04:19.360721000 EST","52:54:00:12:34:56","52:55:0a:00:02:02","10.0.2.15","342","10.0.2.2","17"
"4","Feb  9, 1970 02:04:19.360738000 EST","52:55:0a:00:02:02","ff:ff:ff:ff:ff:ff","10.0.2.2","590","255.255.255.255","17"
"5","Feb  9, 1970 02:04:19.617335000 EST","52:54:00:12:34:56","33:33:00:00:00:16",,"90",,
"6","Feb  9, 1970 02:04:19.623168000 EST","52:54:00:12:34:56","01:00:5e:00:00:16","10.0.2.15","54","224.0.0.22","2"
"7","Feb  9, 1970 02:04:19.669351000 EST","52:54:00:12:34:56","01:00:5e:00:00:16","10.0.2.15","54","224.0.0.22","2"
"8","Feb  9, 1970 02:04:19.669826000 EST","52:54:00:12:34:56","33:33:00:00:00:16",,"90",,
"9","Feb  9, 1970 02:04:19.859297000 EST","52:54:00:12:34:56","33:33:00:00:00:16",,"90",,
"10","Feb  9, 1970 02:04:19.929695000 EST","52:54:00:12:34:56","01:00:5e:00:00:16","10.0.2.15","54","224.0.0.22","2"
"11","Feb  9, 1970 02:04:19.995207000 EST","52:54:00:12:34:56","ff:ff:ff:ff:ff:ff",,"42",,
"12","Feb  9, 1970 02:04:19.995229000 EST","52:55:0a:00:02:02","52:54:00:12:34:56",,"64",,
"13","Feb  9, 1970 02:04:20.079442000 EST","52:54:00:12:34:56","01:00:5e:00:00:16","10.0.2.15","54","224.0.0.22","2"
"14","Feb  9, 1970 02:04:20.083575000 EST","52:54:00:12:34:56","33:33:00:00:00:16",,"90",,
"15","Feb  9, 1970 02:04:20.192840000 EST","52:54:00:12:34:56","33:33:00:01:00:03",,"87",,
"16","Feb  9, 1970 02:04:20.197519000 EST","52:54:00:12:34:56","01:00:5e:00:00:fc","10.0.2.15","67","224.0.0.252","17"
"17","Feb  9, 1970 02:04:20.294462000 EST","52:54:00:12:34:56","33:33:00:01:00:03",,"87",,
"18","Feb  9, 1970 02:04:20.296157000 EST","52:54:00:12:34:56","01:00:5e:00:00:fc","10.0.2.15","67","224.0.0.252","17"
"19","Feb  9, 1970 02:04:20.452248000 EST","52:54:00:12:34:56","33:33:00:00:00:16",,"90",,
"20","Feb  9, 1970 02:04:20.452924000 EST","52:54:00:12:34:56","01:00:5e:00:00:16","10.0.2.15","54","224.0.0.22","2"
"21","Feb  9, 1970 02:04:20.458760000 EST","52:54:00:12:34:56","33:33:00:00:00:16",,"90",,
"22","Feb  9, 1970 02:04:20.461789000 EST","52:54:00:12:34:56","01:00:5e:00:00:16","10.0.2.15","54","224.0.0.22","2"
"23","Feb  9, 1970 02:04:20.462223000 EST","52:54:00:12:34:56","01:00:5e:00:00:16","10.0.2.15","54","224.0.0.22","2"
"24","Feb  9, 1970 02:04:20.462472000 EST","52:54:00:12:34:56","33:33:00:00:00:16",,"90",,
"25","Feb  9, 1970 02:04:20.482001000 EST","52:54:00:12:34:56","33:33:00:01:00:03",,"87",,
"26","Feb  9, 1970 02:04:20.486500000 EST","52:54:00:12:34:56","01:00:5e:00:00:fc","10.0.2.15","67","224.0.0.252","17"
"27","Feb  9, 1970 02:04:20.573514000 EST","52:54:00:12:34:56","33:33:00:01:00:03",,"87",,
"28","Feb  9, 1970 02:04:20.576134000 EST","52:54:00:12:34:56","01:00:5e:00:00:fc","10.0.2.15","67","224.0.0.252","17"
"29","Feb  9, 1970 02:05:28.111722000 EST","52:54:00:12:34:56","33:33:00:01:00:02",,"149",,
"30","Feb  9, 1970 02:05:28.902266000 EST","52:54:00:12:34:56","33:33:00:01:00:02",,"149",,
"31","Feb  9, 1970 02:05:30.477299000 EST","52:54:00:12:34:56","33:33:00:01:00:02",,"149",,
"32","Feb  9, 1970 02:05:33.597218000 EST","52:54:00:12:34:56","33:33:00:01:00:02",,"149",,
"33","Feb  9, 1970 02:05:39.855656000 EST","52:54:00:12:34:56","33:33:00:01:00:02",,"149",,
"34","Feb  9, 1970 02:05:52.396544000 EST","52:54:00:12:34:56","33:33:00:01:00:02",,"149",,
"35","Feb  9, 1970 02:06:17.339964000 EST","52:54:00:12:34:56","33:33:00:01:00:02",,"149",,
"36","Feb  9, 1970 02:07:17.086474000 EST","52:54:00:12:34:56","ff:ff:ff:ff:ff:ff",,"42",,
"37","Feb  9, 1970 02:07:17.086493000 EST","52:55:0a:00:02:03","52:54:00:12:34:56",,"64",,
"38","Feb  9, 1970 02:07:17.091843000 EST","52:54:00:12:34:56","52:55:0a:00:02:03","10.0.2.15","76","10.0.2.3","17"
"39","Feb  9, 1970 02:07:17.108710000 EST","52:55:0a:00:02:02","52:54:00:12:34:56","10.0.2.3","133","10.0.2.15","17"
"40","Feb  9, 1970 02:07:17.178326000 EST","52:54:00:12:34:56","ff:ff:ff:ff:ff:ff",,"42",,
"41","Feb  9, 1970 02:07:17.178346000 EST","52:55:0a:00:02:02","52:54:00:12:34:56",,"64",,
"42","Feb  9, 1970 02:07:17.178549000 EST","52:54:00:12:34:56","52:55:0a:00:02:02","10.0.2.15","66","134.170.184.137","6"
"43","Feb  9, 1970 02:07:17.201452000 EST","52:54:00:12:34:56","52:55:0a:00:02:03","10.0.2.15","84","10.0.2.3","17"
"44","Feb  9, 1970 02:07:17.203260000 EST","52:54:00:12:34:56","52:55:0a:00:02:02","10.0.2.15","66","134.170.184.137","6"
"45","Feb  9, 1970 02:07:17.215300000 EST","52:55:0a:00:02:02","52:54:00:12:34:56","10.0.2.3","100","10.0.2.15","17"
"46","Feb  9, 1970 02:07:17.221952000 EST","52:54:00:12:34:56","52:55:0a:00:02:02","10.0.2.15","66","131.253.34.240","6"
"47","Feb  9, 1970 02:07:17.278385000 EST","52:55:0a:00:02:02","52:54:00:12:34:56","134.170.184.137","58","10.0.2.15","6"
"48","Feb  9, 1970 02:07:17.284082000 EST","52:54:00:12:34:56","52:55:0a:00:02:02","10.0.2.15","54","134.170.184.137","6"
"49","Feb  9, 1970 02:07:17.297256000 EST","52:54:00:12:34:56","52:55:0a:00:02:02","10.0.2.15","362","134.170.184.137","6"
"50","Feb  9, 1970 02:07:17.297294000 EST","52:55:0a:00:02:02","52:54:00:12:34:56","134.170.184.137","54","10.0.2.15","6"
"51","Feb  9, 1970 02:07:17.306100000 EST","52:55:0a:00:02:02","52:54:00:12:34:56","134.170.184.137","58","10.0.2.15","6"
"52","Feb  9, 1970 02:07:17.306543000 EST","52:54:00:12:34:56","52:55:0a:00:02:02","10.0.2.15","54","134.170.184.137","6"
"53","Feb  9, 1970 02:07:17.307857000 EST","52:54:00:12:34:56","52:55:0a:00:02:02","10.0.2.15","391","134.170.184.137","6"
"54","Feb  9, 1970 02:07:17.307885000 EST","52:55:0a:00:02:02","52:54:00:12:34:56","134.170.184.137","54","10.0.2.15","6"
"55","Feb  9, 1970 02:07:17.401457000 EST","52:55:0a:00:02:02","52:54:00:12:34:56","134.170.184.137","536","10.0.2.15","6"
"56","Feb  9, 1970 02:07:17.422969000 EST","52:55:0a:00:02:02","52:54:00:12:34:56","134.170.184.137","554","10.0.2.15","6"
"57","Feb  9, 1970 02:07:17.452291000 EST","52:54:00:12:34:56","52:55:0a:00:02:03","10.0.2.15","73","10.0.2.3","17"
"58","Feb  9, 1970 02:07:17.458847000 EST","52:54:00:12:34:56","52:55:0a:00:02:02","10.0.2.15","396","134.170.184.137","6"
"59","Feb  9, 1970 02:07:17.461597000 EST","52:55:0a:00:02:02","52:54:00:12:34:56","131.253.34.240","58","10.0.2.15","6"
"60","Feb  9, 1970 02:07:17.462020000 EST","52:54:00:12:34:56","52:55:0a:00:02:02","10.0.2.15","54","131.253.34.240","6"
"61","Feb  9, 1970 02:07:17.464549000 EST","52:55:0a:00:02:02","52:54:00:12:34:56","134.170.184.137","54","10.0.2.15","6"
"62","Feb  9, 1970 02:07:17.464574000 EST","52:55:0a:00:02:02","52:54:00:12:34:56","10.0.2.3","89","10.0.2.15","17"
"63","Feb  9, 1970 02:07:17.477676000 EST","52:54:00:12:34:56","52:55:0a:00:02:03","10.0.2.15","77","10.0.2.3","17"
"64","Feb  9, 1970 02:07:17.481850000 EST","52:54:00:12:34:56","52:55:0a:00:02:02","10.0.2.15","66","157.55.184.162","6"
"65","Feb  9, 1970 02:07:17.525447000 EST","52:55:0a:00:02:02","52:54:00:12:34:56","10.0.2.3","184","10.0.2.15","17"
"66","Feb  9, 1970 02:07:17.540282000 EST","52:54:00:12:34:56","52:55:0a:00:02:02","10.0.2.15","191","131.253.34.240","6"
"67","Feb  9, 1970 02:07:17.540338000 EST","52:55:0a:00:02:02","52:54:00:12:34:56","131.253.34.240","54","10.0.2.15","6"
"68","Feb  9, 1970 02:07:17.548116000 EST","52:55:0a:00:02:02","52:54:00:12:34:56","157.55.184.162","58","10.0.2.15","6"
"69","Feb  9, 1970 02:07:17.548325000 EST","52:54:00:12:34:56","52:55:0a:00:02:02","10.0.2.15","66","107.14.34.120","6"
"70","Feb  9, 1970 02:07:17.548907000 EST","52:54:00:12:34:56","52:55:0a:00:02:02","10.0.2.15","54","157.55.184.162","6"
"71","Feb  9, 1970 02:07:17.551459000 EST","52:54:00:12:34:56","52:55:0a:00:02:02","10.0.2.15","312","157.55.184.162","6"
"72","Feb  9, 1970 02:07:17.551521000 EST","52:55:0a:00:02:02","52:54:00:12:34:56","157.55.184.162","54","10.0.2.15","6"
"73","Feb  9, 1970 02:07:17.560869000 EST","52:55:0a:00:02:02","52:54:00:12:34:56","134.170.184.137","544","10.0.2.15","6"
"74","Feb  9, 1970 02:07:17.571541000 EST","52:55:0a:00:02:02","52:54:00:12:34:56","107.14.34.120","58","10.0.2.15","6"
"75","Feb  9, 1970 02:07:17.571979000 EST","52:54:00:12:34:56","52:55:0a:00:02:02","10.0.2.15","54","107.14.34.120","6"
"76","Feb  9, 1970 02:07:17.579034000 EST","52:54:00:12:34:56","52:55:0a:00:02:03","10.0.2.15","77","10.0.2.3","17"
"77","Feb  9, 1970 02:07:17.580822000 EST","52:54:00:12:34:56","52:55:0a:00:02:02","10.0.2.15","351","107.14.34.120","6"
"78","Feb  9, 1970 02:07:17.580866000 EST","52:55:0a:00:02:02","52:54:00:12:34:56","107.14.34.120","54","10.0.2.15","6"
"79","Feb  9, 1970 02:07:17.600461000 EST","52:55:0a:00:02:02","52:54:00:12:34:56","107.14.34.120","369","10.0.2.15","6"
"80","Feb  9, 1970 02:07:17.627774000 EST","52:55:0a:00:02:02","52:54:00:12:34:56","157.55.184.162","453","10.0.2.15","6"
"81","Feb  9, 1970 02:07:17.643534000 EST","52:55:0a:00:02:02","52:54:00:12:34:56","10.0.2.3","208","10.0.2.15","17"
"82","Feb  9, 1970 02:07:17.651576000 EST","52:54:00:12:34:56","52:55:0a:00:02:02","10.0.2.15","66","23.76.195.70","6"
"83","Feb  9, 1970 02:07:17.658359000 EST","52:54:00:12:34:56","52:55:0a:00:02:03","10.0.2.15","77","10.0.2.3","17"
"84","Feb  9, 1970 02:07:17.664597000 EST","52:55:0a:00:02:02","52:54:00:12:34:56","23.76.195.70","58","10.0.2.15","6"
"85","Feb  9, 1970 02:07:17.666182000 EST","52:54:00:12:34:56","52:55:0a:00:02:02","10.0.2.15","54","134.170.184.137","6"
"86","Feb  9, 1970 02:07:17.671042000 EST","52:54:00:12:34:56","52:55:0a:00:02:02","10.0.2.15","54","23.76.195.70","6"
"87","Feb  9, 1970 02:07:17.682848000 EST","52:54:00:12:34:56","52:55:0a:00:02:03","10.0.2.15","82","10.0.2.3","17"
"88","Feb  9, 1970 02:07:17.683566000 EST","52:55:0a:00:02:02","52:54:00:12:34:56","10.0.2.3","201","10.0.2.15","17"
"89","Feb  9, 1970 02:07:17.687615000 EST","52:54:00:12:34:56","52:55:0a:00:02:02","10.0.2.15","351","23.76.195.70","6"
"90","Feb  9, 1970 02:07:17.687673000 EST","52:55:0a:00:02:02","52:54:00:12:34:56","23.76.195.70","54","10.0.2.15","6"
"91","Feb  9, 1970 02:07:17.694073000 EST","52:54:00:12:34:56","52:55:0a:00:02:02","10.0.2.15","66","79.125.20.215","6"
"92","Feb  9, 1970 02:07:17.700453000 EST","52:55:0a:00:02:02","52:54:00:12:34:56","10.0.2.3","126","10.0.2.15","17"
"93","Feb  9, 1970 02:07:17.708520000 EST","52:54:00:12:34:56","52:55:0a:00:02:02","10.0.2.15","66","93.184.215.200","6"
"94","Feb  9, 1970 02:07:17.713171000 EST","52:55:0a:00:02:02","52:54:00:12:34:56","23.76.195.70","1502","10.0.2.15","6"
"95","Feb  9, 1970 02:07:17.714174000 EST","52:55:0a:00:02:02","52:54:00:12:34:56","23.76.195.70","1502","10.0.2.15","6"
"96","Feb  9, 1970 02:07:17.714697000 EST","52:54:00:12:34:56","52:55:0a:00:02:02","10.0.2.15","54","23.76.195.70","6"
"97","Feb  9, 1970 02:07:17.714714000 EST","52:55:0a:00:02:02","52:54:00:12:34:56","23.76.195.70","1514","10.0.2.15","6"
"98","Feb  9, 1970 02:07:17.714719000 EST","52:55:0a:00:02:02","52:54:00:12:34:56","23.76.195.70","1490","10.0.2.15","6"
"99","Feb  9, 1970 02:07:17.715410000 EST","52:54:00:12:34:56","52:55:0a:00:02:02","10.0.2.15","54","23.76.195.70","6"
"100","Feb  9, 1970 02:07:17.718346000 EST","52:55:0a:00:02:02","52:54:00:12:34:56","93.184.215.200","58","10.0.2.15","6"
"101","Feb  9, 1970 02:07:17.718401000 EST","52:55:0a:00:02:02","52:54:00:12:34:56","23.76.195.70","1476","10.0.2.15","6"
"102","Feb  9, 1970 02:07:17.718974000 EST","52:54:00:12:34:56","52:55:0a:00:02:02","10.0.2.15","54","93.184.215.200","6"
"103","Feb  9, 1970 02:07:17.762609000 EST","52:54:00:12:34:56","52:55:0a:00:02:02","10.0.2.15","335","93.184.215.200","6"
"104","Feb  9, 1970 02:07:17.762662000 EST","52:55:0a:00:02:02","52:54:00:12:34:56","93.184.215.200","54","10.0.2.15","6"
"105","Feb  9, 1970 02:07:17.772514000 EST","52:55:0a:00:02:02","52:54:00:12:34:56","131.253.34.240","1502","10.0.2.15","6"
"106","Feb  9, 1970 02:07:17.773314000 EST","52:55:0a:00:02:02","52:54:00:12:34:56","131.253.34.240","1502","10.0.2.15","6"
"107","Feb  9, 1970 02:07:17.773631000 EST","52:54:00:12:34:56","52:55:0a:00:02:02","10.0.2.15","54","131.253.34.240","6"
"108","Feb  9, 1970 02:07:17.773656000 EST","52:55:0a:00:02:02","52:54:00:12:34:56","131.253.34.240","1514","10.0.2.15","6"
"109","Feb  9, 1970 02:07:17.773666000 EST","52:55:0a:00:02:02","52:54:00:12:34:56","131.253.34.240","449","10.0.2.15","6"
"110","Feb  9, 1970 02:07:17.773948000 EST","52:54:00:12:34:56","52:55:0a:00:02:02","10.0.2.15","54","131.253.34.240","6"
"111","Feb  9, 1970 02:07:17.784562000 EST","52:55:0a:00:02:02","52:54:00:12:34:56","93.184.215.200","1514","10.0.2.15","6"
"112","Feb  9, 1970 02:07:17.784590000 EST","52:55:0a:00:02:02","52:54:00:12:34:56","93.184.215.200","1019","10.0.2.15","6"
"113","Feb  9, 1970 02:07:17.785141000 EST","52:54:00:12:34:56","52:55:0a:00:02:02","10.0.2.15","54","93.184.215.200","6"
"114","Feb  9, 1970 02:07:17.799692000 EST","52:55:0a:00:02:02","52:54:00:12:34:56","79.125.20.215","58","10.0.2.15","6"
"115","Feb  9, 1970 02:07:17.800125000 EST","52:54:00:12:34:56","52:55:0a:00:02:02","10.0.2.15","54","79.125.20.215","6"
"116","Feb  9, 1970 02:07:17.816447000 EST","52:54:00:12:34:56","52:55:0a:00:02:02","10.0.2.15","54","134.170.184.137","6"
"117","Feb  9, 1970 02:07:17.816541000 EST","52:54:00:12:34:56","52:55:0a:00:02:02","10.0.2.15","54","107.14.34.120","6"
"118","Feb  9, 1970 02:07:17.898308000 EST","52:54:00:12:34:56","52:55:0a:00:02:02","10.0.2.15","54","157.55.184.162","6"
"119","Feb  9, 1970 02:07:17.976301000 EST","52:54:00:12:34:56","52:55:0a:00:02:02","10.0.2.15","54","23.76.195.70","6"
"120","Feb  9, 1970 02:07:19.474818000 EST","52:54:00:12:34:56","52:55:0a:00:02:02","10.0.2.15","220","131.253.34.240","6"
"121","Feb  9, 1970 02:07:19.474869000 EST","52:55:0a:00:02:02","52:54:00:12:34:56","131.253.34.240","54","10.0.2.15","6"
"122","Feb  9, 1970 02:07:19.477002000 EST","52:54:00:12:34:56","52:55:0a:00:02:02","10.0.2.15","338","79.125.20.215","6"
"123","Feb  9, 1970 02:07:19.477040000 EST","52:55:0a:00:02:02","52:54:00:12:34:56","79.125.20.215","54","10.0.2.15","6"
"124","Feb  9, 1970 02:07:19.590134000 EST","52:55:0a:00:02:02","52:54:00:12:34:56","79.125.20.215","1502","10.0.2.15","6"
"125","Feb  9, 1970 02:07:19.591145000 EST","52:55:0a:00:02:02","52:54:00:12:34:56","79.125.20.215","1502","10.0.2.15","6"
"126","Feb  9, 1970 02:07:19.591663000 EST","52:54:00:12:34:56","52:55:0a:00:02:02","10.0.2.15","54","79.125.20.215","6"
"127","Feb  9, 1970 02:07:19.591683000 EST","52:55:0a:00:02:02","52:54:00:12:34:56","79.125.20.215","1514","10.0.2.15","6"
"128","Feb  9, 1970 02:07:19.591694000 EST","52:55:0a:00:02:02","52:54:00:12:34:56","79.125.20.215","1490","10.0.2.15","6"
"129","Feb  9, 1970 02:07:19.592019000 EST","52:54:00:12:34:56","52:55:0a:00:02:02","10.0.2.15","54","79.125.20.215","6"
"130","Feb  9, 1970 02:07:19.596314000 EST","52:55:0a:00:02:02","52:54:00:12:34:56","79.125.20.215","1514","10.0.2.15","6"
"131","Feb  9, 1970 02:07:19.596354000 EST","52:55:0a:00:02:02","52:54:00:12:34:56","79.125.20.215","1514","10.0.2.15","6"
"132","Feb  9, 1970 02:07:19.596361000 EST","52:55:0a:00:02:02","52:54:00:12:34:56","79.125.20.215","1514","10.0.2.15","6"
"133","Feb  9, 1970 02:07:19.596371000 EST","52:55:0a:00:02:02","52:54:00:12:34:56","79.125.20.215","1514","10.0.2.15","6"
"134","Feb  9, 1970 02:07:19.597923000 EST","52:54:00:12:34:56","52:55:0a:00:02:02","10.0.2.15","54","79.125.20.215","6"
"135","Feb  9, 1970 02:07:19.597949000 EST","52:55:0a:00:02:02","52:54:00:12:34:56","79.125.20.215","68","10.0.2.15","6"
"136","Feb  9, 1970 02:07:19.598368000 EST","52:55:0a:00:02:02","52:54:00:12:34:56","79.125.20.215","54","10.0.2.15","6"
"137","Feb  9, 1970 02:07:19.599671000 EST","52:54:00:12:34:56","52:55:0a:00:02:02","10.0.2.15","54","79.125.20.215","6"
"138","Feb  9, 1970 02:07:19.658992000 EST","52:54:00:12:34:56","52:55:0a:00:02:02","10.0.2.15","54","79.125.20.215","6"
"139","Feb  9, 1970 02:07:19.699329000 EST","52:54:00:12:34:56","52:55:0a:00:02:02","10.0.2.15","54","79.125.20.215","6"
"140","Feb  9, 1970 02:07:19.699379000 EST","52:55:0a:00:02:02","52:54:00:12:34:56","79.125.20.215","54","10.0.2.15","6"
"141","Feb  9, 1970 02:07:19.708208000 EST","52:55:0a:00:02:02","52:54:00:12:34:56","131.253.34.240","113","10.0.2.15","6"
"142","Feb  9, 1970 02:07:19.926271000 EST","52:54:00:12:34:56","52:55:0a:00:02:02","10.0.2.15","54","131.253.34.240","6"
"143","Feb  9, 1970 02:07:23.431343000 EST","52:54:00:12:34:56","52:55:0a:00:02:02","10.0.2.15","395","131.253.34.240","6"
"144","Feb  9, 1970 02:07:23.431373000 EST","52:55:0a:00:02:02","52:54:00:12:34:56","131.253.34.240","54","10.0.2.15","6"
"145","Feb  9, 1970 02:07:23.450468000 EST","52:54:00:12:34:56","52:55:0a:00:02:02","10.0.2.15","1514","131.253.34.240","6"
"146","Feb  9, 1970 02:07:23.450533000 EST","52:55:0a:00:02:02","52:54:00:12:34:56","131.253.34.240","54","10.0.2.15","6"
"147","Feb  9, 1970 02:07:23.450552000 EST","52:54:00:12:34:56","52:55:0a:00:02:02","10.0.2.15","1514","131.253.34.240","6"
"148","Feb  9, 1970 02:07:23.450560000 EST","52:55:0a:00:02:02","52:54:00:12:34:56","131.253.34.240","54","10.0.2.15","6"
"149","Feb  9, 1970 02:07:23.450564000 EST","52:54:00:12:34:56","52:55:0a:00:02:02","10.0.2.15","54","131.253.34.240","6"
"150","Feb  9, 1970 02:07:23.451761000 EST","52:54:00:12:34:56","52:55:0a:00:02:02","10.0.2.15","1514","131.253.34.240","6"
"151","Feb  9, 1970 02:07:23.451775000 EST","52:55:0a:00:02:02","52:54:00:12:34:56","131.253.34.240","54","10.0.2.15","6"
"152","Feb  9, 1970 02:07:23.451785000 EST","52:54:00:12:34:56","52:55:0a:00:02:02","10.0.2.15","1471","131.253.34.240","6"
"153","Feb  9, 1970 02:07:23.451793000 EST","52:55:0a:00:02:02","52:54:00:12:34:56","131.253.34.240","54","10.0.2.15","6"
"154","Feb  9, 1970 02:07:23.933856000 EST","52:55:0a:00:02:02","52:54:00:12:34:56","131.253.34.240","1200","10.0.2.15","6"
"155","Feb  9, 1970 02:07:24.157337000 EST","52:54:00:12:34:56","52:55:0a:00:02:02","10.0.2.15","54","131.253.34.240","6"
"156","Feb  9, 1970 02:07:28.076399000 EST","52:54:00:12:34:56","52:55:0a:00:02:02","10.0.2.15","424","134.170.184.137","6"
"157","Feb  9, 1970 02:07:28.076446000 EST","52:55:0a:00:02:02","52:54:00:12:34:56","134.170.184.137","54","10.0.2.15","6"
"158","Feb  9, 1970 02:07:28.090270000 EST","52:54:00:12:34:56","52:55:0a:00:02:02","10.0.2.15","396","134.170.184.137","6"
"159","Feb  9, 1970 02:07:28.090330000 EST","52:55:0a:00:02:02","52:54:00:12:34:56","134.170.184.137","54","10.0.2.15","6"
"160","Feb  9, 1970 02:07:28.205485000 EST","52:55:0a:00:02:02","52:54:00:12:34:56","134.170.184.137","552","10.0.2.15","6"
"161","Feb  9, 1970 02:07:28.207469000 EST","52:55:0a:00:02:02","52:54:00:12:34:56","134.170.184.137","544","10.0.2.15","6"
"162","Feb  9, 1970 02:07:28.408333000 EST","52:54:00:12:34:56","52:55:0a:00:02:03","10.0.2.15","88","10.0.2.3","17"
"163","Feb  9, 1970 02:07:28.426342000 EST","52:54:00:12:34:56","52:55:0a:00:02:02","10.0.2.15","351","23.76.195.70","6"
"164","Feb  9, 1970 02:07:28.426398000 EST","52:55:0a:00:02:02","52:54:00:12:34:56","23.76.195.70","54","10.0.2.15","6"
"165","Feb  9, 1970 02:07:28.429391000 EST","52:54:00:12:34:56","52:55:0a:00:02:02","10.0.2.15","54","134.170.184.137","6"
"166","Feb  9, 1970 02:07:28.429559000 EST","52:54:00:12:34:56","52:55:0a:00:02:02","10.0.2.15","54","134.170.184.137","6"
"167","Feb  9, 1970 02:07:28.445252000 EST","52:55:0a:00:02:02","52:54:00:12:34:56","23.76.195.70","1502","10.0.2.15","6"
"168","Feb  9, 1970 02:07:28.446088000 EST","52:55:0a:00:02:02","52:54:00:12:34:56","23.76.195.70","1502","10.0.2.15","6"
"169","Feb  9, 1970 02:07:28.446207000 EST","52:55:0a:00:02:02","52:54:00:12:34:56","23.76.195.70","1502","10.0.2.15","6"
"170","Feb  9, 1970 02:07:28.446375000 EST","52:55:0a:00:02:02","52:54:00:12:34:56","23.76.195.70","1514","10.0.2.15","6"
"171","Feb  9, 1970 02:07:28.446384000 EST","52:55:0a:00:02:02","52:54:00:12:34:56","23.76.195.70","465","10.0.2.15","6"
"172","Feb  9, 1970 02:07:28.446504000 EST","52:54:00:12:34:56","52:55:0a:00:02:02","10.0.2.15","54","23.76.195.70","6"
"173","Feb  9, 1970 02:07:28.447144000 EST","52:54:00:12:34:56","52:55:0a:00:02:02","10.0.2.15","54","23.76.195.70","6"
"174","Feb  9, 1970 02:07:28.452928000 EST","52:55:0a:00:02:02","52:54:00:12:34:56","10.0.2.3","304","10.0.2.15","17"
"175","Feb  9, 1970 02:07:28.647332000 EST","52:54:00:12:34:56","52:55:0a:00:02:02","10.0.2.15","66","24.143.200.216","6"
"176","Feb  9, 1970 02:07:28.665350000 EST","52:55:0a:00:02:02","52:54:00:12:34:56","24.143.200.216","58","10.0.2.15","6"
"177","Feb  9, 1970 02:07:28.670072000 EST","52:54:00:12:34:56","52:55:0a:00:02:02","10.0.2.15","54","24.143.200.216","6"
"178","Feb  9, 1970 02:07:28.674678000 EST","52:54:00:12:34:56","52:55:0a:00:02:02","10.0.2.15","382","24.143.200.216","6"
"179","Feb  9, 1970 02:07:28.674735000 EST","52:55:0a:00:02:02","52:54:00:12:34:56","24.143.200.216","54","10.0.2.15","6"
"180","Feb  9, 1970 02:07:28.687864000 EST","52:55:0a:00:02:02","52:54:00:12:34:56","24.143.200.216","822","10.0.2.15","6"
"181","Feb  9, 1970 02:07:28.911359000 EST","52:54:00:12:34:56","52:55:0a:00:02:02","10.0.2.15","54","24.143.200.216","6"
"182","Feb  9, 1970 02:07:29.215716000 EST","52:54:00:12:34:56","52:55:0a:00:02:02","10.0.2.15","424","134.170.184.137","6"
"183","Feb  9, 1970 02:07:29.215776000 EST","52:55:0a:00:02:02","52:54:00:12:34:56","134.170.184.137","54","10.0.2.15","6"
"184","Feb  9, 1970 02:07:29.319430000 EST","52:55:0a:00:02:02","52:54:00:12:34:56","134.170.184.137","552","10.0.2.15","6"
"185","Feb  9, 1970 02:07:29.421723000 EST","52:54:00:12:34:56","52:55:0a:00:02:02","10.0.2.15","382","24.143.200.216","6"
"186","Feb  9, 1970 02:07:29.421784000 EST","52:55:0a:00:02:02","52:54:00:12:34:56","24.143.200.216","54","10.0.2.15","6"
"187","Feb  9, 1970 02:07:29.437056000 EST","52:55:0a:00:02:02","52:54:00:12:34:56","24.143.200.216","822","10.0.2.15","6"
"188","Feb  9, 1970 02:07:29.520150000 EST","52:54:00:12:34:56","52:55:0a:00:02:02","10.0.2.15","54","134.170.184.137","6"
"189","Feb  9, 1970 02:07:29.680321000 EST","52:54:00:12:34:56","52:55:0a:00:02:02","10.0.2.15","54","24.143.200.216","6"
"190","Feb  9, 1970 02:07:33.365050000 EST","52:54:00:12:34:56","52:55:0a:00:02:02","10.0.2.15","54","157.55.184.162","6"
"191","Feb  9, 1970 02:07:33.369976000 EST","52:54:00:12:34:56","52:55:0a:00:02:02","10.0.2.15","54","134.170.184.137","6"
"192","Feb  9, 1970 02:07:33.370764000 EST","52:54:00:12:34:56","52:55:0a:00:02:02","10.0.2.15","54","134.170.184.137","6"
"193","Feb  9, 1970 02:07:33.371210000 EST","52:54:00:12:34:56","52:55:0a:00:02:02","10.0.2.15","54","131.253.34.240","6"
"194","Feb  9, 1970 02:07:33.372394000 EST","52:54:00:12:34:56","52:55:0a:00:02:02","10.0.2.15","54","107.14.34.120","6"
"195","Feb  9, 1970 02:07:33.372951000 EST","52:54:00:12:34:56","52:55:0a:00:02:02","10.0.2.15","54","23.76.195.70","6"
"196","Feb  9, 1970 02:07:33.373441000 EST","52:54:00:12:34:56","52:55:0a:00:02:02","10.0.2.15","54","93.184.215.200","6"
"197","Feb  9, 1970 02:07:33.377269000 EST","52:54:00:12:34:56","52:55:0a:00:02:02","10.0.2.15","54","24.143.200.216","6"
"198","Feb  9, 1970 02:07:34.033166000 EST","52:54:00:12:34:56","ff:ff:ff:ff:ff:ff","10.0.2.15","342","255.255.255.255","17"
"199","Feb  9, 1970 02:07:36.382552000 EST","52:54:00:12:34:56","ff:ff:ff:ff:ff:ff","10.0.2.15","342","255.255.255.255","17"
"200","Feb  9, 1970 02:07:42.678926000 EST","52:54:00:12:34:56","33:33:00:01:00:03",,"84",,
"201","Feb  9, 1970 02:07:42.681435000 EST","52:54:00:12:34:56","01:00:5e:00:00:fc","10.0.2.15","64","224.0.0.252","17"
"202","Feb  9, 1970 02:07:42.762472000 EST","52:54:00:12:34:56","33:33:00:01:00:03",,"84",,
"203","Feb  9, 1970 02:07:42.764667000 EST","52:54:00:12:34:56","01:00:5e:00:00:fc","10.0.2.15","64","224.0.0.252","17"
"204","Feb  9, 1970 02:07:42.932214000 EST","52:54:00:12:34:56","ff:ff:ff:ff:ff:ff","10.0.2.15","92","10.0.2.255","17"
"205","Feb  9, 1970 02:07:43.534873000 EST","52:54:00:12:34:56","ff:ff:ff:ff:ff:ff","10.0.2.15","92","10.0.2.255","17"
"206","Feb  9, 1970 02:07:44.126032000 EST","52:54:00:12:34:56","ff:ff:ff:ff:ff:ff","10.0.2.15","92","10.0.2.255","17"
"207","Feb  9, 1970 02:07:44.979421000 EST","52:54:00:12:34:56","33:33:00:01:00:03",,"84",,
"208","Feb  9, 1970 02:07:44.981861000 EST","52:54:00:12:34:56","01:00:5e:00:00:fc","10.0.2.15","64","224.0.0.252","17"
"209","Feb  9, 1970 02:07:45.060348000 EST","52:54:00:12:34:56","33:33:00:01:00:03",,"84",,
"210","Feb  9, 1970 02:07:45.061049000 EST","52:54:00:12:34:56","01:00:5e:00:00:fc","10.0.2.15","64","224.0.0.252","17"
"211","Feb  9, 1970 02:07:45.227774000 EST","52:54:00:12:34:56","ff:ff:ff:ff:ff:ff","10.0.2.15","92","10.0.2.255","17"
"212","Feb  9, 1970 02:07:45.822833000 EST","52:54:00:12:34:56","ff:ff:ff:ff:ff:ff","10.0.2.15","92","10.0.2.255","17"
"213","Feb  9, 1970 02:07:46.415460000 EST","52:54:00:12:34:56","ff:ff:ff:ff:ff:ff","10.0.2.15","92","10.0.2.255","17"
"214","Feb  9, 1970 02:07:47.045251000 EST","52:54:00:12:34:56","52:55:0a:00:02:03","10.0.2.15","77","10.0.2.3","17"
"215","Feb  9, 1970 02:07:47.106654000 EST","52:55:0a:00:02:02","52:54:00:12:34:56","10.0.2.3","173","10.0.2.15","17"
"216","Feb  9, 1970 02:07:47.139620000 EST","52:54:00:12:34:56","52:55:0a:00:02:02","10.0.2.15","66","184.29.104.186","6"
"217","Feb  9, 1970 02:07:47.152670000 EST","52:55:0a:00:02:02","52:54:00:12:34:56","184.29.104.186","58","10.0.2.15","6"
"218","Feb  9, 1970 02:07:47.155506000 EST","52:54:00:12:34:56","52:55:0a:00:02:02","10.0.2.15","54","184.29.104.186","6"
"219","Feb  9, 1970 02:07:47.171509000 EST","52:54:00:12:34:56","52:55:0a:00:02:02","10.0.2.15","324","184.29.104.186","6"
"220","Feb  9, 1970 02:07:47.171564000 EST","52:55:0a:00:02:02","52:54:00:12:34:56","184.29.104.186","54","10.0.2.15","6"
"221","Feb  9, 1970 02:07:47.186066000 EST","52:55:0a:00:02:02","52:54:00:12:34:56","184.29.104.186","280","10.0.2.15","6"
"222","Feb  9, 1970 02:07:47.429084000 EST","52:54:00:12:34:56","52:55:0a:00:02:02","10.0.2.15","54","184.29.104.186","6"
"223","Feb  9, 1970 02:07:47.482481000 EST","52:54:00:12:34:56","33:33:00:01:00:03",,"84",,
"224","Feb  9, 1970 02:07:47.488103000 EST","52:54:00:12:34:56","01:00:5e:00:00:fc","10.0.2.15","64","224.0.0.252","17"
"225","Feb  9, 1970 02:07:47.570107000 EST","52:54:00:12:34:56","33:33:00:01:00:03",,"84",,
"226","Feb  9, 1970 02:07:47.570788000 EST","52:54:00:12:34:56","01:00:5e:00:00:fc","10.0.2.15","64","224.0.0.252","17"
"227","Feb  9, 1970 02:07:47.728856000 EST","52:54:00:12:34:56","ff:ff:ff:ff:ff:ff","10.0.2.15","92","10.0.2.255","17"
"228","Feb  9, 1970 02:07:48.318775000 EST","52:54:00:12:34:56","ff:ff:ff:ff:ff:ff","10.0.2.15","92","10.0.2.255","17"
"229","Feb  9, 1970 02:07:48.911422000 EST","52:54:00:12:34:56","ff:ff:ff:ff:ff:ff","10.0.2.15","92","10.0.2.255","17"
"230","Feb  9, 1970 02:07:49.738077000 EST","52:54:00:12:34:56","33:33:00:01:00:03",,"84",,
"231","Feb  9, 1970 02:07:49.741624000 EST","52:54:00:12:34:56","01:00:5e:00:00:fc","10.0.2.15","64","224.0.0.252","17"
"232","Feb  9, 1970 02:07:49.832146000 EST","52:54:00:12:34:56","33:33:00:01:00:03",,"84",,
"233","Feb  9, 1970 02:07:49.832811000 EST","52:54:00:12:34:56","01:00:5e:00:00:fc","10.0.2.15","64","224.0.0.252","17"
"234","Feb  9, 1970 02:07:49.990776000 EST","52:54:00:12:34:56","ff:ff:ff:ff:ff:ff","10.0.2.15","92","10.0.2.255","17"
"235","Feb  9, 1970 02:07:50.580797000 EST","52:54:00:12:34:56","ff:ff:ff:ff:ff:ff","10.0.2.15","92","10.0.2.255","17"
"236","Feb  9, 1970 02:07:51.173471000 EST","52:54:00:12:34:56","ff:ff:ff:ff:ff:ff","10.0.2.15","92","10.0.2.255","17"
"237","Feb  9, 1970 02:07:51.788593000 EST","52:54:00:12:34:56","52:55:0a:00:02:02","10.0.2.15","329","184.29.104.186","6"
"238","Feb  9, 1970 02:07:51.788638000 EST","52:55:0a:00:02:02","52:54:00:12:34:56","184.29.104.186","54","10.0.2.15","6"
"239","Feb  9, 1970 02:07:51.806761000 EST","52:55:0a:00:02:02","52:54:00:12:34:56","184.29.104.186","279","10.0.2.15","6"
"240","Feb  9, 1970 02:07:52.062143000 EST","52:54:00:12:34:56","52:55:0a:00:02:02","10.0.2.15","54","184.29.104.186","6"
"241","Feb  9, 1970 02:07:52.096699000 EST","52:54:00:12:34:56","52:55:0a:00:02:03","10.0.2.15","79","10.0.2.3","17"
"242","Feb  9, 1970 02:07:52.124423000 EST","52:55:0a:00:02:02","52:54:00:12:34:56","10.0.2.3","160","10.0.2.15","17"
"243","Feb  9, 1970 02:07:52.222346000 EST","52:54:00:12:34:56","52:55:0a:00:02:02","10.0.2.15","66","93.184.215.200","6"
"244","Feb  9, 1970 02:07:52.239990000 EST","52:55:0a:00:02:02","52:54:00:12:34:56","93.184.215.200","58","10.0.2.15","6"
"245","Feb  9, 1970 02:07:52.240497000 EST","52:54:00:12:34:56","52:55:0a:00:02:02","10.0.2.15","54","93.184.215.200","6"
"246","Feb  9, 1970 02:07:52.242192000 EST","52:54:00:12:34:56","52:55:0a:00:02:02","10.0.2.15","315","93.184.215.200","6"
"247","Feb  9, 1970 02:07:52.242230000 EST","52:55:0a:00:02:02","52:54:00:12:34:56","93.184.215.200","54","10.0.2.15","6"
"248","Feb  9, 1970 02:07:52.262135000 EST","52:55:0a:00:02:02","52:54:00:12:34:56","93.184.215.200","1267","10.0.2.15","6"
"249","Feb  9, 1970 02:07:52.530101000 EST","52:54:00:12:34:56","52:55:0a:00:02:02","10.0.2.15","54","93.184.215.200","6"
"250","Feb  9, 1970 02:07:52.558855000 EST","52:54:00:12:34:56","52:55:0a:00:02:02","10.0.2.15","316","93.184.215.200","6"
"251","Feb  9, 1970 02:07:52.558909000 EST","52:55:0a:00:02:02","52:54:00:12:34:56","93.184.215.200","54","10.0.2.15","6"
"252","Feb  9, 1970 02:07:52.578234000 EST","52:55:0a:00:02:02","52:54:00:12:34:56","93.184.215.200","449","10.0.2.15","6"
"253","Feb  9, 1970 02:07:52.842377000 EST","52:54:00:12:34:56","52:55:0a:00:02:02","10.0.2.15","54","93.184.215.200","6"
"254","Feb  9, 1970 02:07:52.858073000 EST","52:54:00:12:34:56","52:55:0a:00:02:03","10.0.2.15","77","10.0.2.3","17"
"255","Feb  9, 1970 02:07:52.902687000 EST","52:55:0a:00:02:02","52:54:00:12:34:56","10.0.2.3","173","10.0.2.15","17"
"256","Feb  9, 1970 02:07:52.950378000 EST","52:54:00:12:34:56","52:55:0a:00:02:02","10.0.2.15","66","23.54.187.27","6"
"257","Feb  9, 1970 02:07:52.966554000 EST","52:55:0a:00:02:02","52:54:00:12:34:56","23.54.187.27","58","10.0.2.15","6"
"258","Feb  9, 1970 02:07:52.967205000 EST","52:54:00:12:34:56","52:55:0a:00:02:02","10.0.2.15","54","23.54.187.27","6"
"259","Feb  9, 1970 02:07:52.969439000 EST","52:54:00:12:34:56","52:55:0a:00:02:02","10.0.2.15","378","23.54.187.27","6"
"260","Feb  9, 1970 02:07:52.969485000 EST","52:55:0a:00:02:02","52:54:00:12:34:56","23.54.187.27","54","10.0.2.15","6"
"261","Feb  9, 1970 02:07:53.144780000 EST","52:55:0a:00:02:02","52:54:00:12:34:56","23.54.187.27","255","10.0.2.15","6"
"262","Feb  9, 1970 02:07:53.408234000 EST","52:54:00:12:34:56","52:55:0a:00:02:02","10.0.2.15","54","23.54.187.27","6"
"263","Feb  9, 1970 02:07:53.441113000 EST","52:54:00:12:34:56","52:55:0a:00:02:03","10.0.2.15","77","10.0.2.3","17"
"264","Feb  9, 1970 02:07:53.464030000 EST","52:55:0a:00:02:02","52:54:00:12:34:56","10.0.2.3","93","10.0.2.15","17"
"265","Feb  9, 1970 02:07:53.477425000 EST","52:54:00:12:34:56","52:55:0a:00:02:02","10.0.2.15","66","178.255.83.1","6"
"266","Feb  9, 1970 02:07:53.509266000 EST","52:55:0a:00:02:02","52:54:00:12:34:56","178.255.83.1","58","10.0.2.15","6"
"267","Feb  9, 1970 02:07:53.509860000 EST","52:54:00:12:34:56","52:55:0a:00:02:02","10.0.2.15","54","178.255.83.1","6"
"268","Feb  9, 1970 02:07:53.511587000 EST","52:54:00:12:34:56","52:55:0a:00:02:02","10.0.2.15","370","178.255.83.1","6"
"269","Feb  9, 1970 02:07:53.511638000 EST","52:55:0a:00:02:02","52:54:00:12:34:56","178.255.83.1","54","10.0.2.15","6"
"270","Feb  9, 1970 02:07:53.536338000 EST","52:55:0a:00:02:02","52:54:00:12:34:56","178.255.83.1","259","10.0.2.15","6"
"271","Feb  9, 1970 02:07:53.536387000 EST","52:55:0a:00:02:02","52:54:00:12:34:56","178.255.83.1","54","10.0.2.15","6"
"272","Feb  9, 1970 02:07:53.538406000 EST","52:54:00:12:34:56","52:55:0a:00:02:02","10.0.2.15","54","178.255.83.1","6"
"273","Feb  9, 1970 02:07:53.539878000 EST","52:54:00:12:34:56","52:55:0a:00:02:02","10.0.2.15","54","178.255.83.1","6"
"274","Feb  9, 1970 02:07:53.539909000 EST","52:55:0a:00:02:02","52:54:00:12:34:56","178.255.83.1","54","10.0.2.15","6"
"275","Feb  9, 1970 02:07:53.831748000 EST","52:54:00:12:34:56","52:55:0a:00:02:03","10.0.2.15","78","10.0.2.3","17"
"276","Feb  9, 1970 02:07:53.847051000 EST","52:55:0a:00:02:02","52:54:00:12:34:56","10.0.2.3","94","10.0.2.15","17"
"277","Feb  9, 1970 02:07:53.860594000 EST","52:54:00:12:34:56","52:55:0a:00:02:02","10.0.2.15","66","178.255.83.1","6"
"278","Feb  9, 1970 02:07:53.883299000 EST","52:55:0a:00:02:02","52:54:00:12:34:56","178.255.83.1","58","10.0.2.15","6"
"279","Feb  9, 1970 02:07:53.883901000 EST","52:54:00:12:34:56","52:55:0a:00:02:02","10.0.2.15","54","178.255.83.1","6"
"280","Feb  9, 1970 02:07:53.886615000 EST","52:54:00:12:34:56","52:55:0a:00:02:02","10.0.2.15","371","178.255.83.1","6"
"281","Feb  9, 1970 02:07:53.886666000 EST","52:55:0a:00:02:02","52:54:00:12:34:56","178.255.83.1","54","10.0.2.15","6"
"282","Feb  9, 1970 02:07:53.914737000 EST","52:55:0a:00:02:02","52:54:00:12:34:56","178.255.83.1","928","10.0.2.15","6"
"283","Feb  9, 1970 02:07:53.914791000 EST","52:55:0a:00:02:02","52:54:00:12:34:56","178.255.83.1","54","10.0.2.15","6"
"284","Feb  9, 1970 02:07:53.915385000 EST","52:54:00:12:34:56","52:55:0a:00:02:02","10.0.2.15","54","178.255.83.1","6"
"285","Feb  9, 1970 02:07:53.915901000 EST","52:54:00:12:34:56","52:55:0a:00:02:02","10.0.2.15","54","178.255.83.1","6"
"286","Feb  9, 1970 02:07:53.915931000 EST","52:55:0a:00:02:02","52:54:00:12:34:56","178.255.83.1","54","10.0.2.15","6"
"287","Feb  9, 1970 02:07:54.231838000 EST","52:54:00:12:34:56","52:55:0a:00:02:03","10.0.2.15","90","10.0.2.3","17"
"288","Feb  9, 1970 02:07:54.272022000 EST","52:55:0a:00:02:02","52:54:00:12:34:56","10.0.2.3","282","10.0.2.15","17"
"289","Feb  9, 1970 02:07:54.289523000 EST","52:54:00:12:34:56","52:55:0a:00:02:02","10.0.2.15","66","184.29.106.136","6"
"290","Feb  9, 1970 02:07:54.306582000 EST","52:55:0a:00:02:02","52:54:00:12:34:56","184.29.106.136","58","10.0.2.15","6"
"291","Feb  9, 1970 02:07:54.307195000 EST","52:54:00:12:34:56","52:55:0a:00:02:02","10.0.2.15","54","184.29.106.136","6"
"292","Feb  9, 1970 02:07:54.309197000 EST","52:54:00:12:34:56","52:55:0a:00:02:02","10.0.2.15","356","184.29.106.136","6"
"293","Feb  9, 1970 02:07:54.309240000 EST","52:55:0a:00:02:02","52:54:00:12:34:56","184.29.106.136","54","10.0.2.15","6"
"294","Feb  9, 1970 02:07:54.339908000 EST","52:55:0a:00:02:02","52:54:00:12:34:56","184.29.106.136","307","10.0.2.15","6"
"295","Feb  9, 1970 02:07:54.605033000 EST","52:54:00:12:34:56","52:55:0a:00:02:02","10.0.2.15","54","184.29.106.136","6"
"296","Feb  9, 1970 02:07:55.018514000 EST","52:54:00:12:34:56","52:55:0a:00:02:02","10.0.2.15","341","93.184.215.200","6"
"297","Feb  9, 1970 02:07:55.018554000 EST","52:55:0a:00:02:02","52:54:00:12:34:56","93.184.215.200","54","10.0.2.15","6"
"298","Feb  9, 1970 02:07:55.035703000 EST","52:55:0a:00:02:02","52:54:00:12:34:56","93.184.215.200","449","10.0.2.15","6"
"299","Feb  9, 1970 02:07:55.322559000 EST","52:54:00:12:34:56","52:55:0a:00:02:02","10.0.2.15","54","93.184.215.200","6"
"300","Feb  9, 1970 02:07:55.521730000 EST","52:54:00:12:34:56","52:55:0a:00:02:03","10.0.2.15","75","10.0.2.3","17"
"301","Feb  9, 1970 02:07:55.556463000 EST","52:55:0a:00:02:02","52:54:00:12:34:56","10.0.2.3","287","10.0.2.15","17"
"302","Feb  9, 1970 02:07:55.577145000 EST","52:54:00:12:34:56","52:55:0a:00:02:02","10.0.2.15","66","108.162.232.199","6"
"303","Feb  9, 1970 02:07:55.589325000 EST","52:55:0a:00:02:02","52:54:00:12:34:56","108.162.232.199","58","10.0.2.15","6"
"304","Feb  9, 1970 02:07:55.589884000 EST","52:54:00:12:34:56","52:55:0a:00:02:02","10.0.2.15","54","108.162.232.199","6"
"305","Feb  9, 1970 02:07:55.591631000 EST","52:54:00:12:34:56","52:55:0a:00:02:02","10.0.2.15","431","108.162.232.199","6"
"306","Feb  9, 1970 02:07:55.591679000 EST","52:55:0a:00:02:02","52:54:00:12:34:56","108.162.232.199","54","10.0.2.15","6"
"307","Feb  9, 1970 02:07:55.621313000 EST","52:55:0a:00:02:02","52:54:00:12:34:56","108.162.232.199","1514","10.0.2.15","6"
"308","Feb  9, 1970 02:07:55.622016000 EST","52:55:0a:00:02:02","52:54:00:12:34:56","108.162.232.199","632","10.0.2.15","6"
"309","Feb  9, 1970 02:07:55.622509000 EST","52:54:00:12:34:56","52:55:0a:00:02:02","10.0.2.15","54","108.162.232.199","6"
"310","Feb  9, 1970 02:07:55.823246000 EST","52:54:00:12:34:56","52:55:0a:00:02:03",,"42",,
"311","Feb  9, 1970 02:07:55.823265000 EST","52:55:0a:00:02:03","52:54:00:12:34:56",,"64",,
"312","Feb  9, 1970 02:07:55.926626000 EST","52:54:00:12:34:56","52:55:0a:00:02:03","10.0.2.15","80","10.0.2.3","17"
"313","Feb  9, 1970 02:07:55.948490000 EST","52:55:0a:00:02:02","52:54:00:12:34:56","10.0.2.3","256","10.0.2.15","17"
"314","Feb  9, 1970 02:07:55.964891000 EST","52:54:00:12:34:56","52:55:0a:00:02:02","10.0.2.15","66","108.162.232.196","6"
"315","Feb  9, 1970 02:07:55.979494000 EST","52:55:0a:00:02:02","52:54:00:12:34:56","108.162.232.196","58","10.0.2.15","6"
"316","Feb  9, 1970 02:07:55.980064000 EST","52:54:00:12:34:56","52:55:0a:00:02:02","10.0.2.15","54","108.162.232.196","6"
"317","Feb  9, 1970 02:07:55.981719000 EST","52:54:00:12:34:56","52:55:0a:00:02:02","10.0.2.15","350","108.162.232.196","6"
"318","Feb  9, 1970 02:07:55.981757000 EST","52:55:0a:00:02:02","52:54:00:12:34:56","108.162.232.196","54","10.0.2.15","6"
"319","Feb  9, 1970 02:07:56.015608000 EST","52:55:0a:00:02:02","52:54:00:12:34:56","108.162.232.196","1514","10.0.2.15","6"
"320","Feb  9, 1970 02:07:56.016227000 EST","52:55:0a:00:02:02","52:54:00:12:34:56","108.162.232.196","535","10.0.2.15","6"
"321","Feb  9, 1970 02:07:56.016574000 EST","52:54:00:12:34:56","52:55:0a:00:02:02","10.0.2.15","54","108.162.232.196","6"
"322","Feb  9, 1970 02:07:56.324834000 EST","52:54:00:12:34:56","52:55:0a:00:02:03","10.0.2.15","79","10.0.2.3","17"
"323","Feb  9, 1970 02:07:56.341955000 EST","52:55:0a:00:02:02","52:54:00:12:34:56","10.0.2.3","255","10.0.2.15","17"
"324","Feb  9, 1970 02:07:56.358210000 EST","52:54:00:12:34:56","52:55:0a:00:02:02","10.0.2.15","66","108.162.232.204","6"
"325","Feb  9, 1970 02:07:56.372851000 EST","52:55:0a:00:02:02","52:54:00:12:34:56","108.162.232.204","58","10.0.2.15","6"
"326","Feb  9, 1970 02:07:56.373470000 EST","52:54:00:12:34:56","52:55:0a:00:02:02","10.0.2.15","54","108.162.232.204","6"
"327","Feb  9, 1970 02:07:56.375410000 EST","52:54:00:12:34:56","52:55:0a:00:02:02","10.0.2.15","321","108.162.232.204","6"
"328","Feb  9, 1970 02:07:56.375467000 EST","52:55:0a:00:02:02","52:54:00:12:34:56","108.162.232.204","54","10.0.2.15","6"
"329","Feb  9, 1970 02:07:56.399822000 EST","52:55:0a:00:02:02","52:54:00:12:34:56","108.162.232.204","1514","10.0.2.15","6"
"330","Feb  9, 1970 02:07:56.400500000 EST","52:55:0a:00:02:02","52:54:00:12:34:56","108.162.232.204","583","10.0.2.15","6"
"331","Feb  9, 1970 02:07:56.400770000 EST","52:54:00:12:34:56","52:55:0a:00:02:02","10.0.2.15","54","108.162.232.204","6"
"332","Feb  9, 1970 02:08:10.407359000 EST","52:55:0a:00:02:02","52:54:00:12:34:56","93.184.215.200","54","10.0.2.15","6"
"333","Feb  9, 1970 02:08:10.408500000 EST","52:54:00:12:34:56","52:55:0a:00:02:02","10.0.2.15","54","93.184.215.200","6"
"334","Feb  9, 1970 02:08:10.408981000 EST","52:54:00:12:34:56","52:55:0a:00:02:02","10.0.2.15","54","93.184.215.200","6"
"335","Feb  9, 1970 02:08:10.409013000 EST","52:55:0a:00:02:02","52:54:00:12:34:56","93.184.215.200","54","10.0.2.15","6"
"336","Feb  9, 1970 02:08:41.630614000 EST","52:55:0a:00:02:02","52:54:00:12:34:56","108.162.232.199","54","10.0.2.15","6"
"337","Feb  9, 1970 02:08:41.631649000 EST","52:54:00:12:34:56","52:55:0a:00:02:02","10.0.2.15","54","108.162.232.199","6"
"338","Feb  9, 1970 02:08:41.632396000 EST","52:54:00:12:34:56","52:55:0a:00:02:02","10.0.2.15","54","108.162.232.199","6"
"339","Feb  9, 1970 02:08:41.632435000 EST","52:55:0a:00:02:02","52:54:00:12:34:56","108.162.232.199","54","10.0.2.15","6"
"340","Feb  9, 1970 02:08:42.018593000 EST","52:55:0a:00:02:02","52:54:00:12:34:56","108.162.232.196","54","10.0.2.15","6"
"341","Feb  9, 1970 02:08:42.019195000 EST","52:54:00:12:34:56","52:55:0a:00:02:02","10.0.2.15","54","108.162.232.196","6"
"342","Feb  9, 1970 02:08:42.019634000 EST","52:54:00:12:34:56","52:55:0a:00:02:02","10.0.2.15","54","108.162.232.196","6"
"343","Feb  9, 1970 02:08:42.019677000 EST","52:55:0a:00:02:02","52:54:00:12:34:56","108.162.232.196","54","10.0.2.15","6"
"344","Feb  9, 1970 02:08:42.401785000 EST","52:55:0a:00:02:02","52:54:00:12:34:56","108.162.232.204","54","10.0.2.15","6"
"345","Feb  9, 1970 02:08:42.402280000 EST","52:54:00:12:34:56","52:55:0a:00:02:02","10.0.2.15","54","108.162.232.204","6"
"346","Feb  9, 1970 02:08:42.402896000 EST","52:54:00:12:34:56","52:55:0a:00:02:02","10.0.2.15","54","108.162.232.204","6"
"347","Feb  9, 1970 02:08:42.402941000 EST","52:55:0a:00:02:02","52:54:00:12:34:56","108.162.232.204","54","10.0.2.15","6"
